"idCompany","isTop9","isTop8","isTop7"
11,FALSE,FALSE,FALSE
26,FALSE,FALSE,FALSE
32,FALSE,FALSE,FALSE
51,FALSE,FALSE,FALSE
59,FALSE,FALSE,TRUE
82,FALSE,FALSE,FALSE
85,FALSE,TRUE,FALSE
124,FALSE,FALSE,FALSE
143,FALSE,FALSE,FALSE
195,FALSE,FALSE,FALSE
228,FALSE,FALSE,FALSE
229,FALSE,FALSE,FALSE
231,FALSE,TRUE,TRUE
245,TRUE,FALSE,FALSE
294,FALSE,FALSE,TRUE
383,FALSE,TRUE,TRUE
412,TRUE,TRUE,TRUE
413,FALSE,FALSE,FALSE
446,FALSE,FALSE,FALSE
453,FALSE,FALSE,FALSE
456,FALSE,FALSE,TRUE
464,FALSE,FALSE,FALSE
481,FALSE,FALSE,FALSE
486,FALSE,FALSE,FALSE
489,FALSE,FALSE,FALSE
495,FALSE,FALSE,FALSE
497,FALSE,FALSE,TRUE
498,FALSE,FALSE,FALSE
531,FALSE,FALSE,TRUE
533,FALSE,FALSE,FALSE
550,FALSE,FALSE,FALSE
554,FALSE,FALSE,FALSE
556,FALSE,FALSE,FALSE
558,FALSE,FALSE,FALSE
561,FALSE,FALSE,FALSE
564,FALSE,TRUE,TRUE
566,FALSE,TRUE,TRUE
567,FALSE,FALSE,FALSE
570,FALSE,FALSE,FALSE
583,FALSE,FALSE,FALSE
599,FALSE,FALSE,TRUE
641,FALSE,FALSE,FALSE
651,FALSE,FALSE,FALSE
663,FALSE,FALSE,FALSE
667,FALSE,FALSE,FALSE
706,FALSE,FALSE,FALSE
708,FALSE,FALSE,FALSE
747,FALSE,FALSE,FALSE
758,FALSE,FALSE,FALSE
760,TRUE,FALSE,FALSE
799,TRUE,TRUE,TRUE
813,FALSE,FALSE,FALSE
817,FALSE,FALSE,FALSE
820,TRUE,TRUE,TRUE
825,FALSE,FALSE,FALSE
884,FALSE,FALSE,FALSE
891,FALSE,FALSE,FALSE
894,FALSE,FALSE,FALSE
930,FALSE,FALSE,TRUE
953,FALSE,FALSE,TRUE
962,FALSE,FALSE,FALSE
963,FALSE,FALSE,FALSE
988,FALSE,FALSE,FALSE
1015,TRUE,TRUE,TRUE
1024,FALSE,FALSE,FALSE
1039,FALSE,FALSE,FALSE
1049,FALSE,FALSE,FALSE
1051,FALSE,FALSE,FALSE
1100,FALSE,TRUE,TRUE
1168,FALSE,FALSE,FALSE
1176,FALSE,FALSE,FALSE
1177,FALSE,FALSE,FALSE
1232,FALSE,FALSE,FALSE
1236,FALSE,FALSE,FALSE
1245,FALSE,FALSE,FALSE
1248,FALSE,FALSE,FALSE
1258,FALSE,FALSE,FALSE
1272,FALSE,FALSE,FALSE
1285,FALSE,FALSE,FALSE
1300,FALSE,FALSE,FALSE
1318,FALSE,FALSE,FALSE
1329,FALSE,FALSE,FALSE
1330,FALSE,FALSE,FALSE
1396,FALSE,FALSE,FALSE
1412,TRUE,TRUE,TRUE
1443,FALSE,FALSE,FALSE
1479,TRUE,FALSE,FALSE
1499,FALSE,FALSE,FALSE
1509,FALSE,FALSE,FALSE
1513,FALSE,FALSE,FALSE
1520,FALSE,FALSE,FALSE
1533,FALSE,FALSE,FALSE
1536,FALSE,FALSE,FALSE
1539,FALSE,FALSE,FALSE
1550,FALSE,TRUE,TRUE
1554,FALSE,FALSE,TRUE
1562,FALSE,FALSE,FALSE
1565,FALSE,FALSE,FALSE
1568,FALSE,FALSE,FALSE
1574,FALSE,FALSE,FALSE
1579,FALSE,FALSE,FALSE
1586,FALSE,FALSE,FALSE
1608,FALSE,FALSE,FALSE
1620,FALSE,TRUE,TRUE
1621,FALSE,FALSE,FALSE
1634,TRUE,TRUE,TRUE
1635,FALSE,FALSE,FALSE
1637,FALSE,FALSE,FALSE
1641,FALSE,FALSE,FALSE
1644,FALSE,FALSE,FALSE
1649,FALSE,FALSE,FALSE
1655,FALSE,FALSE,FALSE
1659,FALSE,FALSE,FALSE
1663,FALSE,FALSE,FALSE
1686,FALSE,FALSE,FALSE
1723,FALSE,FALSE,FALSE
1741,FALSE,FALSE,FALSE
1769,FALSE,FALSE,TRUE
1776,FALSE,FALSE,FALSE
1781,TRUE,FALSE,FALSE
1799,FALSE,FALSE,FALSE
1833,FALSE,FALSE,FALSE
1857,FALSE,FALSE,FALSE
1870,FALSE,FALSE,FALSE
1871,FALSE,FALSE,FALSE
1888,FALSE,FALSE,FALSE
1894,FALSE,FALSE,FALSE
1932,FALSE,FALSE,FALSE
1938,FALSE,FALSE,FALSE
1940,FALSE,FALSE,FALSE
1942,FALSE,FALSE,FALSE
1961,FALSE,FALSE,FALSE
1963,FALSE,FALSE,FALSE
1964,FALSE,FALSE,FALSE
1970,FALSE,FALSE,FALSE
1991,FALSE,FALSE,FALSE
1999,TRUE,TRUE,TRUE
2015,FALSE,FALSE,FALSE
2016,FALSE,FALSE,FALSE
2020,FALSE,FALSE,FALSE
2048,TRUE,FALSE,FALSE
2054,FALSE,FALSE,FALSE
2057,FALSE,FALSE,FALSE
2063,FALSE,FALSE,FALSE
2064,FALSE,FALSE,FALSE
2091,FALSE,FALSE,FALSE
2110,FALSE,FALSE,FALSE
2113,FALSE,FALSE,FALSE
2119,FALSE,FALSE,FALSE
2121,FALSE,FALSE,FALSE
2128,FALSE,FALSE,FALSE
2133,FALSE,FALSE,FALSE
2134,FALSE,FALSE,FALSE
2135,FALSE,FALSE,FALSE
2144,FALSE,FALSE,FALSE
2171,FALSE,TRUE,TRUE
2181,FALSE,FALSE,FALSE
2183,FALSE,FALSE,FALSE
2187,FALSE,FALSE,FALSE
2198,FALSE,FALSE,FALSE
2254,FALSE,FALSE,FALSE
2275,FALSE,FALSE,FALSE
2293,FALSE,FALSE,TRUE
2296,FALSE,FALSE,FALSE
2298,FALSE,FALSE,FALSE
2346,FALSE,FALSE,FALSE
2370,FALSE,FALSE,FALSE
2383,FALSE,FALSE,FALSE
2401,FALSE,FALSE,FALSE
2402,TRUE,FALSE,FALSE
2411,TRUE,FALSE,FALSE
2449,FALSE,TRUE,TRUE
2455,FALSE,FALSE,FALSE
2461,FALSE,FALSE,FALSE
2464,FALSE,FALSE,FALSE
2474,FALSE,FALSE,FALSE
2479,FALSE,FALSE,FALSE
2485,FALSE,FALSE,FALSE
2527,FALSE,FALSE,FALSE
2531,FALSE,FALSE,FALSE
2536,FALSE,FALSE,FALSE
2562,FALSE,FALSE,FALSE
2598,TRUE,FALSE,FALSE
2599,FALSE,FALSE,FALSE
2633,FALSE,FALSE,FALSE
2652,FALSE,FALSE,FALSE
2702,FALSE,FALSE,FALSE
2713,FALSE,FALSE,FALSE
2724,FALSE,FALSE,FALSE
2726,FALSE,FALSE,FALSE
2737,FALSE,FALSE,FALSE
2753,FALSE,FALSE,FALSE
2763,FALSE,FALSE,FALSE
2769,FALSE,FALSE,FALSE
2799,FALSE,FALSE,TRUE
2835,FALSE,FALSE,FALSE
2879,FALSE,FALSE,FALSE
2889,FALSE,FALSE,FALSE
2897,FALSE,FALSE,FALSE
2901,FALSE,FALSE,FALSE
2911,FALSE,FALSE,FALSE
2921,FALSE,FALSE,FALSE
2923,FALSE,FALSE,FALSE
2929,FALSE,FALSE,FALSE
2930,FALSE,FALSE,FALSE
2973,FALSE,TRUE,TRUE
3007,FALSE,FALSE,FALSE
3068,FALSE,FALSE,FALSE
3079,FALSE,FALSE,FALSE
3086,FALSE,FALSE,FALSE
3087,FALSE,FALSE,FALSE
3097,FALSE,FALSE,FALSE
3111,FALSE,FALSE,FALSE
3112,FALSE,FALSE,FALSE
3130,FALSE,FALSE,FALSE
3133,FALSE,FALSE,FALSE
3145,FALSE,FALSE,FALSE
3159,FALSE,FALSE,FALSE
3162,FALSE,FALSE,FALSE
3166,FALSE,FALSE,FALSE
3213,TRUE,TRUE,TRUE
3269,FALSE,FALSE,FALSE
3272,FALSE,FALSE,FALSE
3276,FALSE,FALSE,FALSE
3297,FALSE,FALSE,FALSE
3303,FALSE,FALSE,FALSE
3347,TRUE,TRUE,TRUE
3366,TRUE,TRUE,TRUE
3381,FALSE,FALSE,FALSE
3384,FALSE,FALSE,FALSE
3385,TRUE,TRUE,TRUE
3389,FALSE,FALSE,FALSE
3406,FALSE,FALSE,FALSE
3436,FALSE,FALSE,FALSE
3468,FALSE,FALSE,FALSE
3492,FALSE,FALSE,FALSE
3508,FALSE,FALSE,FALSE
3515,FALSE,FALSE,FALSE
3530,FALSE,FALSE,FALSE
3540,FALSE,FALSE,TRUE
3545,FALSE,FALSE,FALSE
3553,FALSE,FALSE,FALSE
3559,FALSE,FALSE,FALSE
3574,FALSE,FALSE,FALSE
3628,FALSE,FALSE,FALSE
3645,FALSE,FALSE,FALSE
3650,TRUE,TRUE,TRUE
3685,FALSE,FALSE,FALSE
3707,FALSE,FALSE,FALSE
3733,FALSE,FALSE,FALSE
3738,FALSE,FALSE,FALSE
3776,TRUE,FALSE,FALSE
3821,TRUE,FALSE,FALSE
3824,FALSE,FALSE,FALSE
3869,FALSE,FALSE,FALSE
3872,FALSE,FALSE,FALSE
3877,FALSE,FALSE,FALSE
3912,FALSE,FALSE,FALSE
3933,FALSE,FALSE,FALSE
4006,FALSE,FALSE,FALSE
4040,FALSE,FALSE,FALSE
4059,FALSE,FALSE,TRUE
4060,FALSE,FALSE,FALSE
4064,FALSE,FALSE,FALSE
4081,FALSE,FALSE,FALSE
4094,FALSE,FALSE,FALSE
4111,FALSE,FALSE,FALSE
4112,FALSE,FALSE,FALSE
4130,FALSE,FALSE,FALSE
4138,FALSE,FALSE,FALSE
4141,FALSE,FALSE,TRUE
4148,FALSE,TRUE,TRUE
4149,FALSE,FALSE,FALSE
4165,FALSE,FALSE,FALSE
4177,FALSE,FALSE,FALSE
4218,FALSE,TRUE,TRUE
4258,FALSE,FALSE,FALSE
4294,FALSE,FALSE,FALSE
4301,FALSE,FALSE,FALSE
4326,FALSE,FALSE,FALSE
4327,FALSE,FALSE,FALSE
4335,FALSE,FALSE,FALSE
4355,FALSE,FALSE,FALSE
4363,FALSE,FALSE,FALSE
4397,FALSE,FALSE,FALSE
4428,FALSE,FALSE,FALSE
4444,FALSE,FALSE,FALSE
4445,FALSE,FALSE,FALSE
4455,TRUE,TRUE,TRUE
4512,TRUE,FALSE,FALSE
4513,FALSE,FALSE,TRUE
4526,FALSE,FALSE,FALSE
4545,FALSE,FALSE,FALSE
4552,FALSE,FALSE,FALSE
4585,FALSE,FALSE,FALSE
4649,FALSE,FALSE,FALSE
4669,FALSE,FALSE,FALSE
4672,TRUE,TRUE,FALSE
4735,FALSE,FALSE,FALSE
4738,FALSE,FALSE,FALSE
4744,FALSE,FALSE,FALSE
4752,TRUE,FALSE,FALSE
4753,FALSE,FALSE,FALSE
4772,FALSE,FALSE,FALSE
4789,FALSE,FALSE,FALSE
4791,FALSE,FALSE,FALSE
4796,FALSE,FALSE,FALSE
4799,FALSE,FALSE,FALSE
4842,FALSE,FALSE,FALSE
4846,FALSE,FALSE,FALSE
4847,FALSE,FALSE,FALSE
4864,FALSE,FALSE,FALSE
4910,FALSE,FALSE,FALSE
4941,FALSE,FALSE,FALSE
4946,FALSE,FALSE,FALSE
5037,FALSE,FALSE,FALSE
5068,FALSE,FALSE,FALSE
5127,FALSE,FALSE,TRUE
5197,TRUE,TRUE,TRUE
5231,FALSE,FALSE,FALSE
5238,FALSE,FALSE,FALSE
5252,FALSE,FALSE,FALSE
5278,FALSE,FALSE,FALSE
5318,TRUE,FALSE,FALSE
5335,FALSE,FALSE,FALSE
5383,FALSE,FALSE,FALSE
5389,FALSE,FALSE,FALSE
5403,FALSE,FALSE,FALSE
5424,FALSE,FALSE,FALSE
5449,FALSE,FALSE,FALSE
5454,FALSE,FALSE,FALSE
5466,FALSE,FALSE,FALSE
5502,FALSE,FALSE,FALSE
5542,FALSE,FALSE,FALSE
5711,FALSE,FALSE,FALSE
5744,FALSE,FALSE,FALSE
5755,FALSE,FALSE,FALSE
5762,FALSE,FALSE,FALSE
5764,FALSE,FALSE,FALSE
5770,FALSE,FALSE,FALSE
5790,TRUE,TRUE,TRUE
5817,FALSE,FALSE,FALSE
5822,FALSE,FALSE,FALSE
5827,FALSE,FALSE,FALSE
5864,FALSE,FALSE,TRUE
5871,FALSE,FALSE,FALSE
5873,FALSE,FALSE,FALSE
5878,FALSE,FALSE,FALSE
5943,FALSE,FALSE,FALSE
6001,FALSE,FALSE,FALSE
6035,FALSE,FALSE,FALSE
6036,FALSE,FALSE,FALSE
6052,FALSE,FALSE,FALSE
6116,FALSE,FALSE,FALSE
6117,FALSE,FALSE,TRUE
6130,FALSE,FALSE,FALSE
6155,FALSE,TRUE,FALSE
6156,FALSE,FALSE,FALSE
6188,TRUE,TRUE,TRUE
6194,FALSE,FALSE,FALSE
6233,FALSE,FALSE,FALSE
6268,FALSE,FALSE,FALSE
6289,FALSE,FALSE,FALSE
6363,FALSE,FALSE,FALSE
6373,FALSE,FALSE,FALSE
6433,FALSE,FALSE,FALSE
6441,FALSE,TRUE,TRUE
6462,TRUE,FALSE,FALSE
6467,FALSE,FALSE,FALSE
6477,FALSE,FALSE,FALSE
6478,FALSE,FALSE,FALSE
6558,FALSE,FALSE,FALSE
6633,FALSE,FALSE,FALSE
6653,FALSE,FALSE,FALSE
6665,FALSE,TRUE,TRUE
6723,FALSE,FALSE,TRUE
6728,FALSE,FALSE,FALSE
6801,FALSE,TRUE,TRUE
6819,FALSE,FALSE,FALSE
6826,FALSE,FALSE,FALSE
6829,FALSE,FALSE,FALSE
6842,FALSE,FALSE,FALSE
6843,FALSE,FALSE,FALSE
6881,FALSE,FALSE,FALSE
6885,FALSE,TRUE,TRUE
6907,FALSE,FALSE,FALSE
6911,FALSE,TRUE,TRUE
6921,FALSE,FALSE,FALSE
6930,FALSE,FALSE,FALSE
6943,FALSE,FALSE,FALSE
6973,FALSE,FALSE,FALSE
6977,FALSE,FALSE,FALSE
7006,FALSE,FALSE,FALSE
7037,FALSE,FALSE,FALSE
7039,FALSE,FALSE,FALSE
7042,FALSE,FALSE,FALSE
7049,FALSE,TRUE,TRUE
7065,FALSE,FALSE,FALSE
7095,FALSE,FALSE,FALSE
7109,FALSE,FALSE,TRUE
7133,FALSE,FALSE,FALSE
7144,FALSE,FALSE,FALSE
7150,FALSE,FALSE,FALSE
7152,FALSE,FALSE,FALSE
7160,FALSE,FALSE,FALSE
7166,FALSE,FALSE,FALSE
7199,FALSE,FALSE,FALSE
7224,FALSE,FALSE,FALSE
7227,FALSE,FALSE,FALSE
7230,TRUE,FALSE,FALSE
7304,FALSE,FALSE,FALSE
7328,FALSE,FALSE,FALSE
7373,FALSE,FALSE,TRUE
7396,FALSE,FALSE,FALSE
7442,FALSE,TRUE,TRUE
7446,FALSE,TRUE,TRUE
7457,FALSE,FALSE,TRUE
7484,FALSE,FALSE,FALSE
7500,FALSE,TRUE,FALSE
7512,FALSE,FALSE,FALSE
7522,FALSE,FALSE,TRUE
7567,FALSE,FALSE,FALSE
7664,FALSE,FALSE,FALSE
7680,FALSE,FALSE,FALSE
7712,FALSE,FALSE,FALSE
7721,FALSE,FALSE,FALSE
7752,FALSE,FALSE,FALSE
7813,FALSE,FALSE,TRUE
7869,FALSE,FALSE,FALSE
7872,FALSE,FALSE,FALSE
7874,FALSE,FALSE,FALSE
7889,FALSE,FALSE,FALSE
7916,TRUE,TRUE,TRUE
7921,FALSE,FALSE,FALSE
7932,FALSE,FALSE,FALSE
7953,FALSE,FALSE,FALSE
7985,FALSE,FALSE,FALSE
7988,FALSE,FALSE,FALSE
8069,FALSE,FALSE,FALSE
8091,TRUE,FALSE,FALSE
8115,FALSE,FALSE,FALSE
8143,FALSE,TRUE,TRUE
8166,FALSE,FALSE,FALSE
8174,FALSE,FALSE,TRUE
8224,FALSE,FALSE,FALSE
8231,FALSE,FALSE,FALSE
8263,FALSE,FALSE,FALSE
8268,FALSE,FALSE,FALSE
8363,FALSE,FALSE,FALSE
8364,FALSE,FALSE,FALSE
8410,FALSE,FALSE,TRUE
8415,FALSE,FALSE,FALSE
8421,FALSE,FALSE,FALSE
8426,FALSE,FALSE,FALSE
8429,TRUE,TRUE,TRUE
8493,FALSE,FALSE,FALSE
8560,FALSE,FALSE,FALSE
8576,FALSE,FALSE,FALSE
8591,FALSE,FALSE,FALSE
8692,FALSE,FALSE,FALSE
8695,FALSE,FALSE,TRUE
8703,FALSE,FALSE,FALSE
8747,FALSE,FALSE,FALSE
8769,FALSE,TRUE,TRUE
8773,FALSE,FALSE,FALSE
8793,FALSE,FALSE,FALSE
8878,FALSE,FALSE,FALSE
8880,FALSE,FALSE,FALSE
8902,FALSE,FALSE,FALSE
8935,FALSE,FALSE,FALSE
8944,FALSE,FALSE,FALSE
8984,FALSE,FALSE,FALSE
9005,FALSE,FALSE,FALSE
9095,TRUE,TRUE,TRUE
9168,FALSE,FALSE,FALSE
9234,FALSE,FALSE,FALSE
9256,FALSE,FALSE,FALSE
9290,FALSE,FALSE,FALSE
9471,FALSE,FALSE,FALSE
9490,FALSE,FALSE,FALSE
9579,FALSE,FALSE,FALSE
9597,FALSE,FALSE,FALSE
9598,FALSE,FALSE,FALSE
9665,FALSE,FALSE,TRUE
9679,FALSE,FALSE,FALSE
9695,TRUE,FALSE,FALSE
9698,FALSE,FALSE,FALSE
9778,FALSE,FALSE,FALSE
9829,FALSE,FALSE,FALSE
9838,FALSE,FALSE,FALSE
9849,FALSE,FALSE,FALSE
9890,FALSE,TRUE,FALSE
9902,FALSE,FALSE,FALSE
9995,FALSE,FALSE,FALSE
10018,FALSE,FALSE,TRUE
10039,FALSE,FALSE,FALSE
10040,FALSE,FALSE,FALSE
10057,FALSE,FALSE,FALSE
10063,FALSE,FALSE,FALSE
10082,FALSE,FALSE,FALSE
10084,FALSE,FALSE,FALSE
10089,FALSE,FALSE,FALSE
10122,FALSE,FALSE,FALSE
10127,FALSE,FALSE,FALSE
10170,FALSE,FALSE,FALSE
10197,FALSE,FALSE,TRUE
10225,FALSE,FALSE,FALSE
10233,FALSE,FALSE,FALSE
10244,FALSE,FALSE,FALSE
10253,TRUE,TRUE,TRUE
10292,FALSE,TRUE,TRUE
10320,FALSE,FALSE,FALSE
10393,FALSE,FALSE,FALSE
10449,FALSE,FALSE,FALSE
10452,FALSE,FALSE,FALSE
10542,FALSE,FALSE,FALSE
10559,FALSE,TRUE,TRUE
10611,FALSE,FALSE,FALSE
10621,FALSE,FALSE,FALSE
10681,FALSE,FALSE,TRUE
10836,FALSE,FALSE,FALSE
10848,TRUE,TRUE,TRUE
10873,FALSE,FALSE,FALSE
10883,FALSE,FALSE,FALSE
10971,FALSE,FALSE,FALSE
11089,FALSE,FALSE,FALSE
11091,FALSE,FALSE,FALSE
11110,FALSE,FALSE,FALSE
11120,FALSE,FALSE,TRUE
11138,TRUE,TRUE,TRUE
11141,FALSE,FALSE,FALSE
11195,FALSE,FALSE,FALSE
11213,FALSE,FALSE,FALSE
11222,TRUE,FALSE,FALSE
11275,FALSE,FALSE,FALSE
11315,FALSE,FALSE,TRUE
11360,FALSE,FALSE,FALSE
11381,FALSE,FALSE,FALSE
11395,FALSE,TRUE,TRUE
11418,FALSE,FALSE,FALSE
11420,FALSE,FALSE,FALSE
11431,FALSE,FALSE,FALSE
11455,FALSE,TRUE,TRUE
11524,TRUE,FALSE,FALSE
11598,FALSE,FALSE,FALSE
11622,FALSE,FALSE,FALSE
11626,FALSE,FALSE,FALSE
11755,TRUE,TRUE,TRUE
11811,FALSE,TRUE,TRUE
11868,TRUE,FALSE,FALSE
11878,FALSE,FALSE,FALSE
11928,FALSE,FALSE,FALSE
11971,FALSE,FALSE,FALSE
12005,FALSE,FALSE,FALSE
12055,FALSE,FALSE,FALSE
12125,TRUE,TRUE,TRUE
12136,FALSE,TRUE,TRUE
12141,FALSE,FALSE,FALSE
12205,FALSE,FALSE,FALSE
12232,FALSE,FALSE,FALSE
12236,FALSE,FALSE,FALSE
12258,FALSE,FALSE,TRUE
12284,FALSE,FALSE,TRUE
12289,FALSE,FALSE,FALSE
12318,FALSE,FALSE,FALSE
12321,FALSE,FALSE,TRUE
12333,FALSE,TRUE,TRUE
12409,FALSE,TRUE,TRUE
12431,FALSE,FALSE,FALSE
12434,FALSE,FALSE,FALSE
12454,FALSE,FALSE,FALSE
12456,FALSE,FALSE,FALSE
12518,TRUE,TRUE,TRUE
12529,FALSE,FALSE,FALSE
12550,FALSE,FALSE,FALSE
12557,FALSE,FALSE,FALSE
12583,TRUE,FALSE,FALSE
12586,FALSE,FALSE,FALSE
12648,FALSE,FALSE,FALSE
12690,FALSE,FALSE,FALSE
12717,FALSE,FALSE,FALSE
12770,TRUE,FALSE,FALSE
12830,FALSE,FALSE,FALSE
12834,FALSE,FALSE,FALSE
12862,FALSE,FALSE,FALSE
12865,FALSE,TRUE,TRUE
12873,FALSE,FALSE,FALSE
12881,FALSE,FALSE,FALSE
12887,FALSE,FALSE,FALSE
12908,FALSE,TRUE,TRUE
12946,FALSE,FALSE,FALSE
12959,FALSE,FALSE,FALSE
12960,FALSE,TRUE,FALSE
13035,FALSE,FALSE,FALSE
13042,FALSE,FALSE,FALSE
13065,FALSE,FALSE,FALSE
13090,FALSE,FALSE,FALSE
13147,FALSE,FALSE,FALSE
13180,FALSE,FALSE,FALSE
13231,FALSE,FALSE,FALSE
13263,TRUE,TRUE,TRUE
13307,FALSE,FALSE,TRUE
13325,FALSE,FALSE,TRUE
13336,FALSE,FALSE,FALSE
13351,FALSE,FALSE,FALSE
13368,FALSE,FALSE,FALSE
13386,FALSE,FALSE,FALSE
13387,FALSE,FALSE,FALSE
13390,FALSE,FALSE,FALSE
13483,FALSE,TRUE,TRUE
13487,FALSE,FALSE,FALSE
13489,FALSE,FALSE,FALSE
13496,FALSE,FALSE,FALSE
13497,TRUE,TRUE,TRUE
13547,FALSE,FALSE,FALSE
13550,FALSE,FALSE,FALSE
13556,FALSE,FALSE,FALSE
13562,FALSE,FALSE,FALSE
13570,FALSE,FALSE,FALSE
13585,FALSE,FALSE,FALSE
13587,FALSE,FALSE,TRUE
13606,FALSE,FALSE,FALSE
13619,FALSE,FALSE,FALSE
13624,FALSE,FALSE,FALSE
13644,FALSE,TRUE,FALSE
13679,FALSE,FALSE,TRUE
13689,TRUE,FALSE,FALSE
13729,FALSE,FALSE,FALSE
13760,FALSE,FALSE,FALSE
13765,FALSE,FALSE,FALSE
13770,FALSE,FALSE,FALSE
13775,FALSE,FALSE,FALSE
13803,FALSE,FALSE,FALSE
13826,FALSE,FALSE,FALSE
13850,FALSE,FALSE,FALSE
13889,FALSE,FALSE,FALSE
13890,FALSE,FALSE,FALSE
13898,FALSE,FALSE,FALSE
13904,FALSE,FALSE,FALSE
13953,FALSE,TRUE,FALSE
13955,FALSE,FALSE,FALSE
14004,FALSE,FALSE,FALSE
14009,FALSE,FALSE,FALSE
14011,FALSE,TRUE,TRUE
14012,FALSE,FALSE,FALSE
14018,TRUE,FALSE,FALSE
14040,FALSE,FALSE,FALSE
14046,FALSE,FALSE,FALSE
14058,FALSE,FALSE,FALSE
14094,FALSE,FALSE,FALSE
14102,FALSE,FALSE,FALSE
14140,FALSE,FALSE,FALSE
14183,FALSE,FALSE,FALSE
14234,FALSE,FALSE,FALSE
14236,FALSE,FALSE,FALSE
14238,FALSE,TRUE,TRUE
14250,FALSE,TRUE,FALSE
14302,FALSE,TRUE,TRUE
14309,FALSE,FALSE,FALSE
14311,FALSE,FALSE,FALSE
14312,FALSE,FALSE,FALSE
14328,FALSE,FALSE,FALSE
14333,TRUE,FALSE,FALSE
14387,FALSE,FALSE,FALSE
14402,FALSE,FALSE,FALSE
14415,FALSE,FALSE,FALSE
14436,FALSE,FALSE,FALSE
14454,FALSE,FALSE,FALSE
14479,FALSE,FALSE,FALSE
14516,FALSE,FALSE,FALSE
14538,FALSE,FALSE,FALSE
14555,FALSE,FALSE,FALSE
14634,FALSE,FALSE,FALSE
14686,FALSE,FALSE,FALSE
14768,FALSE,FALSE,FALSE
14798,FALSE,FALSE,FALSE
14851,FALSE,TRUE,TRUE
14865,FALSE,TRUE,FALSE
14866,TRUE,TRUE,TRUE
14873,FALSE,FALSE,FALSE
14879,FALSE,FALSE,FALSE
14896,FALSE,FALSE,FALSE
14899,FALSE,TRUE,TRUE
14919,FALSE,FALSE,FALSE
14939,FALSE,FALSE,FALSE
14943,FALSE,FALSE,FALSE
14953,FALSE,FALSE,FALSE
14954,FALSE,FALSE,FALSE
14980,FALSE,FALSE,FALSE
15034,FALSE,FALSE,FALSE
15045,FALSE,FALSE,FALSE
15054,FALSE,FALSE,FALSE
15088,FALSE,FALSE,FALSE
15097,FALSE,FALSE,FALSE
15110,FALSE,FALSE,FALSE
15148,FALSE,TRUE,FALSE
15155,FALSE,FALSE,FALSE
15186,FALSE,TRUE,TRUE
15231,FALSE,FALSE,FALSE
15247,FALSE,FALSE,FALSE
15258,TRUE,TRUE,TRUE
15280,FALSE,FALSE,TRUE
15325,FALSE,FALSE,FALSE
15330,FALSE,FALSE,TRUE
15331,FALSE,FALSE,FALSE
15338,FALSE,FALSE,FALSE
15346,FALSE,FALSE,FALSE
15350,FALSE,FALSE,FALSE
15356,FALSE,FALSE,FALSE
15466,FALSE,TRUE,FALSE
15471,FALSE,FALSE,FALSE
15479,FALSE,FALSE,FALSE
15497,FALSE,FALSE,FALSE
15527,TRUE,FALSE,FALSE
15585,FALSE,FALSE,FALSE
15607,FALSE,FALSE,FALSE
15620,FALSE,FALSE,FALSE
15638,FALSE,FALSE,FALSE
15654,FALSE,FALSE,FALSE
15658,FALSE,FALSE,FALSE
15705,FALSE,FALSE,FALSE
15714,FALSE,TRUE,FALSE
15725,FALSE,TRUE,FALSE
15728,FALSE,TRUE,TRUE
15733,FALSE,FALSE,FALSE
15749,FALSE,FALSE,FALSE
15781,FALSE,FALSE,FALSE
15794,FALSE,TRUE,FALSE
15826,FALSE,FALSE,FALSE
15862,FALSE,FALSE,FALSE
15865,FALSE,FALSE,FALSE
15886,FALSE,FALSE,FALSE
15916,FALSE,FALSE,FALSE
15919,FALSE,FALSE,FALSE
15925,FALSE,FALSE,FALSE
15934,FALSE,FALSE,FALSE
15946,FALSE,FALSE,FALSE
15965,FALSE,FALSE,FALSE
15975,FALSE,FALSE,FALSE
15989,FALSE,FALSE,FALSE
15996,FALSE,FALSE,FALSE
16022,FALSE,FALSE,FALSE
16060,FALSE,FALSE,FALSE
16076,FALSE,FALSE,FALSE
16142,FALSE,FALSE,FALSE
16160,FALSE,FALSE,FALSE
16185,FALSE,FALSE,FALSE
16252,FALSE,FALSE,FALSE
16261,FALSE,FALSE,FALSE
16284,FALSE,FALSE,FALSE
16339,FALSE,TRUE,FALSE
16389,FALSE,FALSE,FALSE
16647,FALSE,FALSE,FALSE
16858,FALSE,FALSE,FALSE
16878,FALSE,FALSE,FALSE
16882,FALSE,FALSE,FALSE
16969,FALSE,FALSE,FALSE
17071,FALSE,FALSE,FALSE
17072,FALSE,FALSE,FALSE
17154,FALSE,FALSE,FALSE
17200,FALSE,FALSE,FALSE
17213,FALSE,FALSE,FALSE
17265,FALSE,FALSE,FALSE
17324,FALSE,FALSE,FALSE
17365,FALSE,FALSE,FALSE
17461,FALSE,FALSE,FALSE
17476,FALSE,FALSE,FALSE
17493,FALSE,FALSE,FALSE
17541,FALSE,FALSE,FALSE
17586,FALSE,FALSE,FALSE
17591,FALSE,FALSE,FALSE
17633,FALSE,FALSE,FALSE
17667,FALSE,FALSE,FALSE
17716,FALSE,FALSE,FALSE
17740,FALSE,FALSE,FALSE
17770,TRUE,TRUE,TRUE
17773,FALSE,FALSE,FALSE
17788,FALSE,FALSE,FALSE
17797,FALSE,FALSE,FALSE
17821,FALSE,FALSE,FALSE
17837,FALSE,FALSE,FALSE
17892,FALSE,FALSE,FALSE
17945,FALSE,FALSE,FALSE
17978,FALSE,FALSE,FALSE
17985,FALSE,FALSE,FALSE
18032,FALSE,FALSE,FALSE
18060,FALSE,FALSE,FALSE
18062,FALSE,TRUE,TRUE
18078,FALSE,FALSE,FALSE
18098,FALSE,FALSE,FALSE
18100,FALSE,FALSE,TRUE
18108,FALSE,FALSE,TRUE
18121,FALSE,FALSE,FALSE
18139,FALSE,TRUE,TRUE
18152,FALSE,FALSE,FALSE
18158,FALSE,FALSE,FALSE
18162,FALSE,TRUE,TRUE
18208,FALSE,TRUE,FALSE
18217,FALSE,FALSE,FALSE
18227,FALSE,FALSE,FALSE
18271,FALSE,FALSE,FALSE
18295,FALSE,FALSE,FALSE
18308,FALSE,FALSE,FALSE
18310,FALSE,TRUE,TRUE
18371,FALSE,FALSE,FALSE
18437,FALSE,FALSE,FALSE
18480,FALSE,FALSE,TRUE
18496,FALSE,TRUE,TRUE
18510,FALSE,FALSE,FALSE
18529,FALSE,FALSE,FALSE
18536,FALSE,FALSE,FALSE
18542,FALSE,FALSE,FALSE
18545,FALSE,TRUE,FALSE
18559,FALSE,FALSE,FALSE
18564,FALSE,FALSE,FALSE
18640,FALSE,FALSE,FALSE
18688,FALSE,FALSE,FALSE
18693,FALSE,FALSE,FALSE
18695,FALSE,FALSE,FALSE
18724,TRUE,TRUE,TRUE
18807,TRUE,FALSE,FALSE
18847,FALSE,FALSE,FALSE
18933,FALSE,FALSE,FALSE
18944,FALSE,FALSE,FALSE
18947,FALSE,FALSE,FALSE
18957,FALSE,FALSE,FALSE
19024,FALSE,FALSE,TRUE
19032,FALSE,FALSE,FALSE
19136,FALSE,FALSE,FALSE
19185,FALSE,FALSE,FALSE
19237,FALSE,FALSE,FALSE
19311,FALSE,FALSE,FALSE
19345,FALSE,FALSE,FALSE
19361,FALSE,FALSE,FALSE
19421,FALSE,FALSE,FALSE
19463,FALSE,FALSE,FALSE
19470,FALSE,FALSE,FALSE
19488,FALSE,FALSE,FALSE
19504,FALSE,FALSE,TRUE
19628,FALSE,FALSE,FALSE
19638,FALSE,FALSE,FALSE
19655,FALSE,FALSE,FALSE
19661,FALSE,FALSE,FALSE
19736,FALSE,FALSE,FALSE
19769,FALSE,TRUE,TRUE
19781,FALSE,FALSE,FALSE
19811,FALSE,FALSE,FALSE
19822,FALSE,FALSE,FALSE
19909,TRUE,TRUE,TRUE
19920,FALSE,FALSE,FALSE
19937,FALSE,FALSE,FALSE
19950,FALSE,TRUE,FALSE
19992,FALSE,FALSE,FALSE
20087,TRUE,TRUE,TRUE
20120,FALSE,FALSE,FALSE
20146,FALSE,FALSE,FALSE
20236,FALSE,FALSE,FALSE
20246,FALSE,FALSE,FALSE
20330,FALSE,FALSE,FALSE
20522,TRUE,TRUE,TRUE
20545,FALSE,FALSE,FALSE
20576,FALSE,FALSE,FALSE
20652,FALSE,FALSE,FALSE
20767,FALSE,FALSE,FALSE
20781,TRUE,FALSE,FALSE
20832,FALSE,FALSE,FALSE
20930,FALSE,FALSE,FALSE
20998,FALSE,FALSE,FALSE
21030,FALSE,FALSE,FALSE
21035,FALSE,FALSE,FALSE
21049,FALSE,FALSE,FALSE
21115,TRUE,TRUE,TRUE
21167,FALSE,FALSE,FALSE
21184,FALSE,TRUE,TRUE
21226,FALSE,FALSE,FALSE
21230,FALSE,FALSE,FALSE
21411,FALSE,FALSE,FALSE
21437,FALSE,TRUE,TRUE
21451,FALSE,FALSE,FALSE
21464,FALSE,FALSE,FALSE
21566,FALSE,FALSE,FALSE
21569,FALSE,FALSE,FALSE
21584,FALSE,FALSE,FALSE
21588,FALSE,FALSE,FALSE
21595,FALSE,FALSE,FALSE
21653,FALSE,FALSE,FALSE
21665,FALSE,FALSE,FALSE
21737,FALSE,FALSE,FALSE
21755,FALSE,TRUE,TRUE
21779,FALSE,TRUE,TRUE
21788,FALSE,FALSE,FALSE
21792,FALSE,FALSE,FALSE
21795,FALSE,FALSE,FALSE
21821,FALSE,FALSE,FALSE
21841,FALSE,FALSE,FALSE
21851,FALSE,FALSE,FALSE
21855,FALSE,FALSE,FALSE
21857,FALSE,FALSE,FALSE
21870,FALSE,FALSE,FALSE
21900,FALSE,FALSE,FALSE
21925,FALSE,FALSE,FALSE
21941,FALSE,FALSE,FALSE
21952,FALSE,FALSE,FALSE
21978,FALSE,FALSE,FALSE
21994,FALSE,FALSE,FALSE
21997,FALSE,FALSE,FALSE
22006,FALSE,FALSE,FALSE
22010,FALSE,TRUE,TRUE
22032,FALSE,FALSE,FALSE
22036,FALSE,FALSE,FALSE
22056,FALSE,FALSE,FALSE
22160,FALSE,FALSE,FALSE
22194,FALSE,FALSE,FALSE
22248,FALSE,FALSE,FALSE
22267,FALSE,FALSE,FALSE
22270,FALSE,TRUE,TRUE
22285,TRUE,TRUE,TRUE
22315,FALSE,FALSE,FALSE
22325,FALSE,FALSE,FALSE
22341,FALSE,FALSE,FALSE
22348,FALSE,TRUE,TRUE
22402,TRUE,FALSE,FALSE
22407,FALSE,FALSE,FALSE
22441,FALSE,FALSE,FALSE
22473,FALSE,FALSE,FALSE
22480,FALSE,FALSE,FALSE
22484,FALSE,FALSE,FALSE
22496,FALSE,FALSE,FALSE
22506,FALSE,TRUE,TRUE
22535,FALSE,FALSE,FALSE
22582,FALSE,FALSE,FALSE
22589,FALSE,TRUE,TRUE
22590,FALSE,FALSE,FALSE
22603,FALSE,FALSE,FALSE
22606,FALSE,FALSE,FALSE
22662,FALSE,FALSE,FALSE
22670,FALSE,FALSE,FALSE
22672,TRUE,TRUE,TRUE
22680,FALSE,FALSE,FALSE
22691,FALSE,FALSE,FALSE
22698,FALSE,TRUE,TRUE
22732,FALSE,TRUE,TRUE
22743,FALSE,FALSE,FALSE
22761,FALSE,FALSE,FALSE
22779,FALSE,TRUE,FALSE
22781,FALSE,FALSE,TRUE
22806,FALSE,FALSE,FALSE
22838,FALSE,FALSE,FALSE
22861,FALSE,TRUE,TRUE
22882,FALSE,FALSE,FALSE
22886,FALSE,FALSE,FALSE
22897,FALSE,FALSE,FALSE
22922,FALSE,FALSE,FALSE
22927,FALSE,FALSE,FALSE
22949,FALSE,FALSE,FALSE
22967,FALSE,FALSE,FALSE
22978,FALSE,FALSE,FALSE
22987,FALSE,FALSE,FALSE
23035,FALSE,FALSE,FALSE
23046,FALSE,FALSE,FALSE
23068,FALSE,FALSE,FALSE
23069,FALSE,FALSE,FALSE
23092,FALSE,FALSE,FALSE
23131,FALSE,FALSE,FALSE
23174,FALSE,FALSE,FALSE
23176,FALSE,FALSE,FALSE
23184,FALSE,FALSE,FALSE
23187,FALSE,FALSE,FALSE
23191,FALSE,TRUE,FALSE
23248,TRUE,FALSE,FALSE
23301,FALSE,FALSE,FALSE
23321,FALSE,FALSE,FALSE
23324,FALSE,FALSE,FALSE
23387,FALSE,FALSE,FALSE
23390,FALSE,FALSE,FALSE
23419,FALSE,FALSE,FALSE
23447,FALSE,FALSE,FALSE
23451,FALSE,FALSE,FALSE
23495,FALSE,FALSE,FALSE
23532,FALSE,FALSE,FALSE
23566,FALSE,FALSE,FALSE
23570,FALSE,TRUE,FALSE
23574,FALSE,FALSE,FALSE
23610,FALSE,FALSE,FALSE
23614,FALSE,FALSE,FALSE
23669,FALSE,FALSE,FALSE
23673,FALSE,FALSE,FALSE
23684,FALSE,FALSE,FALSE
23707,FALSE,FALSE,FALSE
23732,FALSE,FALSE,FALSE
23737,FALSE,FALSE,FALSE
23755,FALSE,FALSE,FALSE
23836,FALSE,FALSE,TRUE
23890,FALSE,FALSE,FALSE
23898,FALSE,FALSE,FALSE
23924,FALSE,FALSE,FALSE
23931,FALSE,FALSE,FALSE
23934,FALSE,TRUE,TRUE
23947,FALSE,FALSE,FALSE
23973,FALSE,FALSE,FALSE
23977,TRUE,FALSE,FALSE
23982,FALSE,FALSE,FALSE
24012,FALSE,TRUE,FALSE
24037,FALSE,FALSE,FALSE
24060,FALSE,FALSE,FALSE
24125,FALSE,TRUE,TRUE
24148,FALSE,FALSE,FALSE
24186,FALSE,FALSE,FALSE
24198,FALSE,FALSE,FALSE
24212,FALSE,FALSE,FALSE
24217,FALSE,FALSE,FALSE
24222,FALSE,FALSE,FALSE
24224,FALSE,FALSE,FALSE
24257,FALSE,FALSE,FALSE
24281,FALSE,FALSE,FALSE
24363,FALSE,FALSE,FALSE
24421,FALSE,TRUE,TRUE
24437,FALSE,FALSE,TRUE
24455,FALSE,FALSE,FALSE
24467,FALSE,FALSE,FALSE
24475,FALSE,FALSE,FALSE
24485,FALSE,FALSE,FALSE
24488,FALSE,FALSE,FALSE
24566,FALSE,FALSE,FALSE
24632,FALSE,FALSE,TRUE
24704,FALSE,TRUE,TRUE
24732,FALSE,FALSE,FALSE
24763,FALSE,FALSE,FALSE
24789,FALSE,FALSE,FALSE
24828,FALSE,FALSE,FALSE
24861,FALSE,FALSE,FALSE
24920,FALSE,FALSE,FALSE
24922,FALSE,FALSE,FALSE
24945,FALSE,FALSE,FALSE
24960,FALSE,FALSE,FALSE
24975,FALSE,FALSE,FALSE
24996,FALSE,FALSE,TRUE
25011,FALSE,FALSE,FALSE
25024,FALSE,TRUE,FALSE
25036,FALSE,FALSE,FALSE
25046,FALSE,FALSE,FALSE
25057,FALSE,FALSE,FALSE
25075,FALSE,FALSE,FALSE
25078,TRUE,TRUE,TRUE
25099,FALSE,TRUE,TRUE
25103,FALSE,FALSE,FALSE
25151,TRUE,FALSE,FALSE
25175,FALSE,FALSE,FALSE
25185,FALSE,FALSE,FALSE
25226,FALSE,FALSE,FALSE
25309,FALSE,FALSE,FALSE
25310,FALSE,FALSE,FALSE
25311,FALSE,TRUE,FALSE
25330,FALSE,FALSE,FALSE
25338,FALSE,FALSE,FALSE
25372,FALSE,FALSE,FALSE
25377,FALSE,FALSE,FALSE
25429,FALSE,FALSE,FALSE
25432,FALSE,FALSE,FALSE
25485,FALSE,FALSE,FALSE
25490,FALSE,FALSE,FALSE
25539,FALSE,FALSE,FALSE
25579,FALSE,FALSE,FALSE
25637,FALSE,FALSE,FALSE
25661,FALSE,FALSE,FALSE
25669,FALSE,FALSE,FALSE
25676,FALSE,FALSE,FALSE
25694,FALSE,FALSE,FALSE
25720,FALSE,FALSE,FALSE
25734,FALSE,FALSE,FALSE
25745,FALSE,FALSE,FALSE
25782,FALSE,FALSE,FALSE
25785,TRUE,TRUE,TRUE
25805,FALSE,FALSE,FALSE
25809,FALSE,FALSE,FALSE
25833,FALSE,TRUE,TRUE
25853,FALSE,FALSE,FALSE
25863,FALSE,FALSE,FALSE
25919,FALSE,FALSE,FALSE
25967,FALSE,FALSE,FALSE
26050,FALSE,FALSE,FALSE
26079,FALSE,FALSE,FALSE
26082,FALSE,FALSE,FALSE
26105,FALSE,TRUE,TRUE
26111,FALSE,FALSE,FALSE
26124,FALSE,FALSE,FALSE
26156,FALSE,FALSE,TRUE
26169,FALSE,FALSE,FALSE
26173,FALSE,TRUE,FALSE
26233,FALSE,FALSE,FALSE
26286,FALSE,FALSE,FALSE
26289,FALSE,TRUE,TRUE
26313,FALSE,FALSE,FALSE
26316,FALSE,FALSE,FALSE
26343,FALSE,FALSE,TRUE
26349,FALSE,FALSE,FALSE
26352,FALSE,FALSE,FALSE
26364,FALSE,FALSE,FALSE
26376,FALSE,TRUE,TRUE
26410,FALSE,FALSE,FALSE
26422,FALSE,FALSE,FALSE
26431,FALSE,FALSE,FALSE
26483,FALSE,FALSE,FALSE
26484,FALSE,FALSE,FALSE
26492,FALSE,FALSE,FALSE
26499,TRUE,TRUE,TRUE
26556,FALSE,FALSE,TRUE
26562,FALSE,FALSE,FALSE
26581,FALSE,FALSE,FALSE
26637,FALSE,FALSE,FALSE
26640,FALSE,FALSE,FALSE
26660,FALSE,FALSE,TRUE
26696,FALSE,FALSE,FALSE
26727,FALSE,FALSE,FALSE
26752,FALSE,FALSE,FALSE
26791,FALSE,FALSE,FALSE
26798,FALSE,FALSE,FALSE
26855,FALSE,FALSE,FALSE
26866,FALSE,TRUE,TRUE
26878,FALSE,FALSE,FALSE
26888,FALSE,FALSE,FALSE
26922,FALSE,FALSE,FALSE
26935,FALSE,FALSE,FALSE
26936,FALSE,TRUE,FALSE
27033,FALSE,FALSE,TRUE
27038,FALSE,TRUE,TRUE
27060,FALSE,FALSE,TRUE
27085,FALSE,TRUE,FALSE
27090,FALSE,FALSE,FALSE
27094,FALSE,FALSE,FALSE
27103,FALSE,FALSE,FALSE
27137,FALSE,FALSE,FALSE
27142,FALSE,FALSE,FALSE
27153,FALSE,FALSE,FALSE
27169,FALSE,FALSE,FALSE
27218,FALSE,FALSE,FALSE
27234,FALSE,FALSE,TRUE
27238,FALSE,FALSE,FALSE
27254,FALSE,FALSE,FALSE
27265,FALSE,FALSE,FALSE
27269,FALSE,FALSE,TRUE
27278,TRUE,TRUE,TRUE
27291,FALSE,FALSE,FALSE
27298,FALSE,FALSE,FALSE
27305,FALSE,FALSE,TRUE
27309,FALSE,FALSE,FALSE
27321,FALSE,FALSE,FALSE
27335,FALSE,FALSE,FALSE
27344,FALSE,TRUE,TRUE
27426,TRUE,FALSE,FALSE
27462,FALSE,FALSE,FALSE
27532,FALSE,FALSE,FALSE
27551,FALSE,FALSE,FALSE
27558,FALSE,FALSE,FALSE
27657,FALSE,TRUE,FALSE
27673,FALSE,FALSE,FALSE
27676,FALSE,TRUE,TRUE
27677,FALSE,FALSE,FALSE
27686,FALSE,FALSE,FALSE
27706,FALSE,FALSE,FALSE
27711,FALSE,FALSE,FALSE
27714,FALSE,FALSE,FALSE
27739,FALSE,FALSE,FALSE
27746,FALSE,FALSE,FALSE
27749,FALSE,FALSE,FALSE
27755,FALSE,FALSE,TRUE
27800,FALSE,FALSE,FALSE
27802,FALSE,TRUE,FALSE
27809,FALSE,FALSE,TRUE
27827,FALSE,FALSE,FALSE
27856,FALSE,FALSE,FALSE
27872,FALSE,TRUE,TRUE
27877,FALSE,FALSE,FALSE
27893,FALSE,FALSE,FALSE
27896,FALSE,FALSE,FALSE
27908,FALSE,FALSE,FALSE
27919,FALSE,FALSE,FALSE
27937,FALSE,FALSE,FALSE
27960,FALSE,FALSE,FALSE
27989,FALSE,FALSE,FALSE
28006,FALSE,FALSE,FALSE
28009,FALSE,TRUE,TRUE
28018,TRUE,TRUE,TRUE
28099,FALSE,FALSE,FALSE
28107,FALSE,FALSE,FALSE
28116,FALSE,FALSE,FALSE
28124,FALSE,FALSE,FALSE
28134,FALSE,FALSE,FALSE
28149,FALSE,FALSE,FALSE
28186,TRUE,FALSE,FALSE
28254,FALSE,FALSE,FALSE
28304,FALSE,FALSE,FALSE
28306,FALSE,FALSE,FALSE
28307,FALSE,FALSE,FALSE
28332,FALSE,FALSE,FALSE
28367,FALSE,FALSE,FALSE
28371,FALSE,FALSE,FALSE
28375,FALSE,FALSE,FALSE
28394,FALSE,FALSE,FALSE
28405,FALSE,FALSE,FALSE
28425,FALSE,FALSE,FALSE
28437,FALSE,TRUE,TRUE
28441,FALSE,FALSE,FALSE
28455,FALSE,FALSE,FALSE
28464,FALSE,FALSE,FALSE
28478,FALSE,FALSE,FALSE
28502,FALSE,FALSE,FALSE
28527,FALSE,FALSE,FALSE
28536,FALSE,FALSE,FALSE
28554,FALSE,FALSE,FALSE
28558,FALSE,FALSE,FALSE
28565,FALSE,FALSE,FALSE
28574,FALSE,FALSE,FALSE
28617,FALSE,TRUE,TRUE
28629,FALSE,TRUE,FALSE
28635,FALSE,FALSE,FALSE
28678,FALSE,FALSE,FALSE
28679,FALSE,FALSE,FALSE
28692,FALSE,FALSE,FALSE
28715,TRUE,TRUE,TRUE
28755,FALSE,FALSE,FALSE
28763,FALSE,FALSE,FALSE
28772,FALSE,FALSE,FALSE
28778,FALSE,FALSE,FALSE
28794,FALSE,FALSE,FALSE
28813,FALSE,FALSE,FALSE
28874,FALSE,TRUE,TRUE
28877,FALSE,FALSE,FALSE
28903,TRUE,TRUE,TRUE
28932,FALSE,FALSE,FALSE
28996,FALSE,FALSE,FALSE
29034,FALSE,FALSE,FALSE
29091,FALSE,FALSE,FALSE
29097,FALSE,FALSE,FALSE
29104,FALSE,FALSE,FALSE
29105,FALSE,FALSE,FALSE
29129,FALSE,FALSE,FALSE
29132,FALSE,FALSE,FALSE
29143,FALSE,TRUE,TRUE
29145,FALSE,FALSE,FALSE
29240,FALSE,FALSE,TRUE
29247,FALSE,FALSE,FALSE
29276,FALSE,TRUE,FALSE
29326,FALSE,FALSE,FALSE
29338,FALSE,FALSE,FALSE
29347,FALSE,FALSE,FALSE
29409,FALSE,FALSE,FALSE
29490,FALSE,FALSE,FALSE
29492,FALSE,FALSE,FALSE
29493,FALSE,FALSE,FALSE
29494,FALSE,TRUE,FALSE
29505,FALSE,FALSE,TRUE
29515,FALSE,FALSE,FALSE
29524,FALSE,FALSE,FALSE
29543,FALSE,FALSE,FALSE
29562,FALSE,FALSE,FALSE
29563,FALSE,FALSE,FALSE
29600,FALSE,FALSE,FALSE
29633,FALSE,FALSE,FALSE
29666,FALSE,FALSE,FALSE
29696,FALSE,FALSE,FALSE
29769,FALSE,FALSE,FALSE
29843,FALSE,FALSE,FALSE
29848,FALSE,FALSE,FALSE
29852,FALSE,FALSE,FALSE
29857,FALSE,TRUE,TRUE
29909,FALSE,FALSE,FALSE
29911,FALSE,FALSE,FALSE
29956,FALSE,FALSE,TRUE
29968,TRUE,FALSE,FALSE
29977,FALSE,FALSE,FALSE
30020,FALSE,FALSE,FALSE
30021,FALSE,FALSE,FALSE
30056,FALSE,FALSE,FALSE
30070,FALSE,FALSE,FALSE
30192,FALSE,FALSE,FALSE
30214,FALSE,FALSE,FALSE
30240,FALSE,FALSE,FALSE
30285,FALSE,FALSE,FALSE
30356,FALSE,FALSE,FALSE
30401,FALSE,FALSE,FALSE
30438,FALSE,FALSE,TRUE
30441,FALSE,FALSE,FALSE
30454,FALSE,FALSE,FALSE
30474,FALSE,TRUE,FALSE
30478,FALSE,FALSE,FALSE
30482,FALSE,FALSE,FALSE
30493,FALSE,FALSE,FALSE
30499,FALSE,FALSE,FALSE
30525,FALSE,FALSE,FALSE
30564,FALSE,FALSE,TRUE
30568,FALSE,FALSE,FALSE
30574,FALSE,FALSE,FALSE
30579,FALSE,FALSE,FALSE
30615,FALSE,FALSE,FALSE
30618,TRUE,FALSE,FALSE
30622,FALSE,FALSE,FALSE
30675,TRUE,TRUE,TRUE
30693,FALSE,TRUE,TRUE
30712,FALSE,FALSE,FALSE
30713,FALSE,FALSE,FALSE
30722,FALSE,FALSE,FALSE
30752,FALSE,TRUE,TRUE
30760,FALSE,FALSE,FALSE
30767,FALSE,FALSE,FALSE
30786,FALSE,FALSE,FALSE
30863,FALSE,FALSE,FALSE
30874,FALSE,FALSE,FALSE
30910,FALSE,FALSE,FALSE
30929,FALSE,FALSE,FALSE
30955,FALSE,FALSE,FALSE
30959,FALSE,FALSE,FALSE
30961,FALSE,FALSE,TRUE
30972,FALSE,FALSE,FALSE
30995,TRUE,TRUE,TRUE
31107,FALSE,FALSE,FALSE
31144,TRUE,FALSE,FALSE
31169,FALSE,FALSE,FALSE
31172,FALSE,FALSE,FALSE
31213,FALSE,FALSE,FALSE
31218,FALSE,TRUE,FALSE
31220,FALSE,FALSE,FALSE
31226,FALSE,TRUE,FALSE
31292,FALSE,FALSE,FALSE
31339,FALSE,FALSE,FALSE
31355,FALSE,FALSE,FALSE
31367,FALSE,FALSE,FALSE
31423,FALSE,FALSE,FALSE
31461,FALSE,FALSE,FALSE
31488,FALSE,FALSE,FALSE
31520,FALSE,FALSE,FALSE
31521,TRUE,TRUE,TRUE
31555,FALSE,FALSE,FALSE
31556,FALSE,FALSE,FALSE
31562,FALSE,FALSE,TRUE
31577,FALSE,FALSE,FALSE
31612,FALSE,TRUE,TRUE
31629,FALSE,FALSE,FALSE
31657,TRUE,TRUE,TRUE
31920,FALSE,FALSE,FALSE
31975,FALSE,FALSE,FALSE
32063,FALSE,FALSE,FALSE
32120,FALSE,FALSE,FALSE
32341,FALSE,FALSE,FALSE
32345,TRUE,FALSE,FALSE
32462,TRUE,TRUE,TRUE
32510,FALSE,FALSE,FALSE
32765,FALSE,FALSE,FALSE
32772,FALSE,FALSE,FALSE
32800,FALSE,TRUE,TRUE
32905,FALSE,FALSE,FALSE
32929,FALSE,FALSE,FALSE
33067,FALSE,FALSE,FALSE
33097,FALSE,FALSE,FALSE
33244,FALSE,FALSE,FALSE
33253,FALSE,FALSE,FALSE
33288,FALSE,FALSE,TRUE
33308,FALSE,FALSE,FALSE
33309,FALSE,FALSE,FALSE
33327,FALSE,FALSE,FALSE
33350,FALSE,TRUE,FALSE
33373,FALSE,FALSE,FALSE
33412,FALSE,FALSE,FALSE
33429,FALSE,TRUE,TRUE
33449,FALSE,FALSE,FALSE
33477,FALSE,FALSE,FALSE
33482,FALSE,FALSE,FALSE
33588,FALSE,FALSE,FALSE
33597,FALSE,FALSE,FALSE
33609,FALSE,FALSE,FALSE
33660,FALSE,FALSE,FALSE
33662,FALSE,FALSE,FALSE
33684,FALSE,FALSE,FALSE
33696,FALSE,FALSE,FALSE
33702,FALSE,FALSE,FALSE
33706,FALSE,FALSE,FALSE
33735,FALSE,FALSE,TRUE
33767,FALSE,FALSE,FALSE
33924,FALSE,FALSE,FALSE
33956,FALSE,FALSE,FALSE
33969,FALSE,FALSE,FALSE
33992,TRUE,TRUE,TRUE
33999,FALSE,FALSE,TRUE
34046,FALSE,FALSE,FALSE
34060,FALSE,FALSE,TRUE
34067,FALSE,FALSE,FALSE
34123,FALSE,FALSE,FALSE
34128,FALSE,FALSE,FALSE
34135,FALSE,FALSE,FALSE
34138,FALSE,FALSE,FALSE
34159,FALSE,FALSE,FALSE
34194,FALSE,FALSE,FALSE
34200,FALSE,FALSE,FALSE
34206,FALSE,FALSE,TRUE
34215,FALSE,FALSE,FALSE
34219,FALSE,FALSE,FALSE
34220,FALSE,FALSE,FALSE
34227,FALSE,FALSE,FALSE
34256,FALSE,FALSE,TRUE
34274,FALSE,FALSE,FALSE
34309,FALSE,TRUE,TRUE
34385,FALSE,FALSE,FALSE
34387,FALSE,TRUE,FALSE
34388,FALSE,FALSE,FALSE
34392,FALSE,FALSE,FALSE
34411,TRUE,FALSE,FALSE
34421,FALSE,FALSE,FALSE
34494,FALSE,FALSE,FALSE
34534,FALSE,FALSE,FALSE
34535,FALSE,FALSE,FALSE
34539,TRUE,TRUE,FALSE
34545,FALSE,FALSE,FALSE
34627,FALSE,FALSE,FALSE
34646,FALSE,FALSE,FALSE
34648,FALSE,FALSE,TRUE
34690,FALSE,FALSE,FALSE
34754,FALSE,TRUE,FALSE
34756,FALSE,TRUE,TRUE
34816,FALSE,FALSE,FALSE
34830,FALSE,FALSE,FALSE
34901,FALSE,FALSE,TRUE
34934,FALSE,FALSE,FALSE
34959,FALSE,TRUE,TRUE
35031,FALSE,FALSE,FALSE
35116,FALSE,FALSE,FALSE
35126,FALSE,FALSE,FALSE
35142,FALSE,FALSE,FALSE
35156,FALSE,FALSE,FALSE
35202,FALSE,FALSE,FALSE
35208,FALSE,FALSE,FALSE
35210,FALSE,FALSE,FALSE
35241,FALSE,FALSE,FALSE
35263,FALSE,FALSE,TRUE
35276,FALSE,FALSE,FALSE
35289,FALSE,FALSE,FALSE
35307,FALSE,FALSE,FALSE
35320,FALSE,FALSE,FALSE
35343,FALSE,FALSE,FALSE
35345,FALSE,FALSE,FALSE
35388,FALSE,FALSE,FALSE
35406,FALSE,FALSE,FALSE
35432,FALSE,FALSE,TRUE
35441,FALSE,FALSE,FALSE
35459,FALSE,FALSE,FALSE
35544,FALSE,FALSE,FALSE
35545,FALSE,FALSE,FALSE
35563,TRUE,FALSE,FALSE
35667,TRUE,TRUE,TRUE
35673,FALSE,FALSE,FALSE
35741,FALSE,FALSE,FALSE
35760,FALSE,FALSE,FALSE
35768,FALSE,FALSE,FALSE
35785,FALSE,FALSE,FALSE
35788,FALSE,TRUE,FALSE
35816,FALSE,FALSE,FALSE
35854,FALSE,FALSE,FALSE
35860,TRUE,FALSE,FALSE
35870,FALSE,FALSE,FALSE
35879,FALSE,FALSE,FALSE
35915,FALSE,FALSE,FALSE
35936,FALSE,FALSE,FALSE
35957,FALSE,FALSE,FALSE
36001,FALSE,FALSE,FALSE
36013,FALSE,FALSE,FALSE
36076,FALSE,FALSE,FALSE
36097,FALSE,FALSE,FALSE
36100,FALSE,TRUE,TRUE
36176,FALSE,FALSE,FALSE
36194,FALSE,FALSE,TRUE
36213,FALSE,FALSE,FALSE
36222,FALSE,FALSE,FALSE
36231,FALSE,FALSE,FALSE
36236,FALSE,FALSE,FALSE
36280,FALSE,FALSE,FALSE
36305,TRUE,TRUE,TRUE
36323,FALSE,FALSE,FALSE
36350,FALSE,FALSE,FALSE
36355,FALSE,FALSE,FALSE
36368,FALSE,FALSE,FALSE
36433,FALSE,FALSE,FALSE
36443,FALSE,FALSE,FALSE
36500,FALSE,FALSE,FALSE
36516,FALSE,FALSE,FALSE
36525,FALSE,FALSE,FALSE
36557,FALSE,FALSE,FALSE
36564,FALSE,FALSE,FALSE
36565,FALSE,FALSE,FALSE
36630,FALSE,FALSE,FALSE
36679,FALSE,FALSE,FALSE
36681,FALSE,FALSE,FALSE
36689,FALSE,FALSE,FALSE
36743,FALSE,FALSE,FALSE
36777,FALSE,FALSE,FALSE
36782,FALSE,FALSE,FALSE
36810,FALSE,TRUE,FALSE
36860,FALSE,FALSE,FALSE
36867,FALSE,FALSE,TRUE
36889,FALSE,FALSE,FALSE
36894,FALSE,FALSE,FALSE
36902,FALSE,FALSE,FALSE
36953,FALSE,FALSE,FALSE
36960,FALSE,FALSE,FALSE
37031,FALSE,FALSE,FALSE
37065,FALSE,FALSE,FALSE
37087,FALSE,FALSE,FALSE
37091,FALSE,FALSE,FALSE
37140,FALSE,TRUE,FALSE
37172,FALSE,FALSE,FALSE
37180,FALSE,FALSE,FALSE
37212,FALSE,FALSE,FALSE
37250,FALSE,FALSE,FALSE
37258,FALSE,FALSE,FALSE
37265,FALSE,TRUE,FALSE
37401,FALSE,FALSE,FALSE
37409,FALSE,FALSE,FALSE
37453,FALSE,FALSE,FALSE
37486,FALSE,FALSE,FALSE
37491,FALSE,FALSE,FALSE
37519,FALSE,FALSE,FALSE
37526,FALSE,FALSE,FALSE
37633,FALSE,FALSE,FALSE
37647,FALSE,FALSE,FALSE
37660,FALSE,FALSE,FALSE
37665,FALSE,FALSE,FALSE
37667,FALSE,FALSE,TRUE
37670,FALSE,FALSE,FALSE
37678,FALSE,TRUE,TRUE
37688,FALSE,FALSE,TRUE
37696,FALSE,FALSE,FALSE
37698,FALSE,FALSE,FALSE
37712,FALSE,FALSE,FALSE
37719,FALSE,FALSE,FALSE
37732,FALSE,FALSE,FALSE
37762,FALSE,FALSE,FALSE
37789,FALSE,FALSE,FALSE
37829,FALSE,FALSE,FALSE
37834,FALSE,FALSE,FALSE
37840,FALSE,FALSE,FALSE
37855,FALSE,FALSE,FALSE
37922,FALSE,FALSE,FALSE
37926,FALSE,FALSE,FALSE
37946,FALSE,FALSE,FALSE
37959,FALSE,FALSE,FALSE
37978,FALSE,FALSE,FALSE
38012,FALSE,TRUE,FALSE
38047,FALSE,FALSE,FALSE
38052,FALSE,FALSE,FALSE
38057,FALSE,FALSE,FALSE
38095,FALSE,FALSE,FALSE
38139,FALSE,FALSE,FALSE
38145,FALSE,FALSE,FALSE
38183,FALSE,FALSE,FALSE
38250,FALSE,FALSE,FALSE
38265,FALSE,FALSE,FALSE
38298,FALSE,FALSE,FALSE
38310,FALSE,FALSE,FALSE
38315,FALSE,FALSE,FALSE
38339,FALSE,FALSE,FALSE
38376,FALSE,FALSE,FALSE
38413,TRUE,TRUE,TRUE
38418,FALSE,FALSE,TRUE
38458,TRUE,FALSE,FALSE
38470,FALSE,FALSE,FALSE
38471,FALSE,FALSE,FALSE
38489,FALSE,FALSE,FALSE
38496,FALSE,FALSE,FALSE
38499,FALSE,FALSE,FALSE
38574,FALSE,FALSE,FALSE
38595,FALSE,FALSE,FALSE
38630,TRUE,TRUE,TRUE
38726,TRUE,TRUE,TRUE
38775,FALSE,FALSE,FALSE
38824,FALSE,FALSE,FALSE
38866,FALSE,FALSE,FALSE
38887,FALSE,FALSE,FALSE
38893,FALSE,FALSE,FALSE
38921,FALSE,FALSE,FALSE
38974,FALSE,FALSE,FALSE
39031,TRUE,FALSE,FALSE
39058,FALSE,FALSE,FALSE
39059,FALSE,FALSE,FALSE
39063,FALSE,FALSE,FALSE
39151,FALSE,FALSE,FALSE
39182,FALSE,FALSE,FALSE
39201,FALSE,FALSE,FALSE
39245,FALSE,FALSE,FALSE
39274,FALSE,FALSE,FALSE
39285,FALSE,TRUE,TRUE
39294,FALSE,FALSE,FALSE
39300,FALSE,FALSE,FALSE
39313,FALSE,FALSE,FALSE
39314,FALSE,FALSE,FALSE
39315,FALSE,FALSE,FALSE
39333,FALSE,FALSE,FALSE
39334,FALSE,FALSE,TRUE
39417,FALSE,FALSE,FALSE
39512,FALSE,FALSE,FALSE
39519,TRUE,FALSE,FALSE
39543,FALSE,FALSE,FALSE
39544,FALSE,FALSE,FALSE
39556,FALSE,FALSE,FALSE
39579,FALSE,FALSE,FALSE
39626,FALSE,FALSE,FALSE
39640,FALSE,FALSE,FALSE
39655,FALSE,FALSE,FALSE
39657,FALSE,FALSE,FALSE
39670,FALSE,FALSE,FALSE
39693,FALSE,FALSE,FALSE
39744,FALSE,FALSE,FALSE
39754,FALSE,FALSE,FALSE
39788,FALSE,FALSE,FALSE
39802,FALSE,FALSE,FALSE
39846,FALSE,FALSE,FALSE
39877,FALSE,FALSE,FALSE
39994,FALSE,FALSE,FALSE
40029,FALSE,FALSE,FALSE
40045,FALSE,TRUE,FALSE
40115,FALSE,FALSE,FALSE
40130,FALSE,FALSE,FALSE
40133,FALSE,FALSE,FALSE
40186,FALSE,FALSE,TRUE
40188,FALSE,FALSE,FALSE
40221,FALSE,FALSE,FALSE
40226,FALSE,FALSE,FALSE
40238,FALSE,FALSE,FALSE
40245,FALSE,FALSE,FALSE
40275,FALSE,FALSE,FALSE
40300,FALSE,TRUE,FALSE
40355,FALSE,FALSE,FALSE
40378,FALSE,FALSE,FALSE
40387,FALSE,FALSE,FALSE
40389,FALSE,FALSE,FALSE
40411,FALSE,FALSE,FALSE
40413,FALSE,FALSE,FALSE
40543,TRUE,FALSE,FALSE
40594,FALSE,FALSE,FALSE
40634,FALSE,FALSE,FALSE
40702,FALSE,FALSE,FALSE
40752,FALSE,TRUE,TRUE
40779,FALSE,FALSE,FALSE
40809,FALSE,FALSE,FALSE
40879,FALSE,FALSE,FALSE
40934,FALSE,FALSE,FALSE
40957,FALSE,FALSE,FALSE
40959,TRUE,TRUE,TRUE
40989,FALSE,FALSE,FALSE
41043,FALSE,FALSE,FALSE
41080,FALSE,FALSE,FALSE
41117,FALSE,FALSE,FALSE
41138,FALSE,FALSE,FALSE
41140,FALSE,FALSE,FALSE
41142,FALSE,TRUE,TRUE
41152,FALSE,FALSE,FALSE
41161,FALSE,FALSE,FALSE
41162,FALSE,FALSE,FALSE
41176,FALSE,FALSE,FALSE
41234,FALSE,FALSE,FALSE
41273,FALSE,FALSE,FALSE
41323,FALSE,FALSE,FALSE
41366,FALSE,FALSE,FALSE
41421,FALSE,FALSE,FALSE
41422,FALSE,FALSE,FALSE
41426,TRUE,FALSE,FALSE
41461,FALSE,FALSE,FALSE
41512,FALSE,FALSE,FALSE
41533,FALSE,FALSE,FALSE
41568,FALSE,FALSE,FALSE
41582,TRUE,TRUE,TRUE
41597,FALSE,FALSE,FALSE
41652,FALSE,FALSE,FALSE
41711,FALSE,FALSE,FALSE
41722,FALSE,FALSE,FALSE
41739,FALSE,FALSE,FALSE
41769,FALSE,FALSE,FALSE
41787,FALSE,FALSE,FALSE
41802,FALSE,FALSE,FALSE
41859,FALSE,FALSE,FALSE
41897,FALSE,FALSE,FALSE
41987,FALSE,FALSE,FALSE
42045,FALSE,FALSE,FALSE
42109,TRUE,FALSE,FALSE
42137,FALSE,TRUE,TRUE
42141,FALSE,FALSE,FALSE
42151,FALSE,FALSE,FALSE
42156,FALSE,FALSE,FALSE
42184,FALSE,FALSE,FALSE
42240,FALSE,FALSE,FALSE
42286,FALSE,FALSE,FALSE
42353,FALSE,TRUE,FALSE
42364,FALSE,FALSE,FALSE
42368,FALSE,FALSE,FALSE
42390,FALSE,FALSE,FALSE
42395,FALSE,FALSE,FALSE
42423,FALSE,FALSE,FALSE
42435,FALSE,FALSE,FALSE
42498,FALSE,FALSE,FALSE
42508,FALSE,FALSE,FALSE
42547,FALSE,FALSE,FALSE
42554,FALSE,FALSE,FALSE
42563,FALSE,FALSE,FALSE
42592,FALSE,FALSE,FALSE
42595,TRUE,TRUE,TRUE
42638,FALSE,FALSE,FALSE
42642,FALSE,FALSE,FALSE
42667,FALSE,FALSE,FALSE
42735,FALSE,FALSE,FALSE
42769,FALSE,FALSE,FALSE
42864,FALSE,FALSE,FALSE
42920,FALSE,FALSE,FALSE
42945,FALSE,FALSE,FALSE
42954,FALSE,FALSE,FALSE
42978,FALSE,FALSE,FALSE
43017,FALSE,FALSE,FALSE
43069,FALSE,FALSE,FALSE
43080,FALSE,FALSE,TRUE
43138,FALSE,FALSE,TRUE
43141,FALSE,FALSE,FALSE
43209,FALSE,FALSE,FALSE
43219,FALSE,FALSE,FALSE
43233,FALSE,FALSE,FALSE
43253,FALSE,FALSE,FALSE
43290,FALSE,FALSE,FALSE
43293,FALSE,FALSE,FALSE
43357,FALSE,FALSE,FALSE
43360,FALSE,FALSE,FALSE
43361,FALSE,FALSE,FALSE
43367,FALSE,FALSE,FALSE
43390,TRUE,TRUE,TRUE
43422,FALSE,FALSE,FALSE
43472,FALSE,FALSE,FALSE
43491,FALSE,FALSE,FALSE
43534,FALSE,FALSE,FALSE
43551,FALSE,FALSE,FALSE
43583,FALSE,FALSE,FALSE
43620,TRUE,TRUE,TRUE
43676,FALSE,FALSE,FALSE
43679,FALSE,FALSE,FALSE
43683,FALSE,FALSE,FALSE
43693,FALSE,TRUE,FALSE
43775,FALSE,FALSE,FALSE
43847,TRUE,TRUE,TRUE
43848,FALSE,FALSE,FALSE
43943,FALSE,FALSE,FALSE
43954,FALSE,FALSE,FALSE
44007,FALSE,TRUE,FALSE
44018,FALSE,FALSE,FALSE
44065,FALSE,FALSE,FALSE
44070,FALSE,FALSE,TRUE
44120,FALSE,FALSE,TRUE
44146,FALSE,FALSE,FALSE
44156,FALSE,FALSE,FALSE
44163,FALSE,TRUE,TRUE
44175,FALSE,FALSE,FALSE
44177,FALSE,FALSE,FALSE
44230,FALSE,FALSE,FALSE
44260,FALSE,FALSE,FALSE
44270,FALSE,FALSE,FALSE
44326,FALSE,FALSE,FALSE
44331,FALSE,FALSE,FALSE
44357,FALSE,FALSE,FALSE
44375,FALSE,FALSE,FALSE
44438,FALSE,FALSE,FALSE
44454,FALSE,FALSE,FALSE
44467,FALSE,FALSE,FALSE
44537,FALSE,FALSE,FALSE
44538,FALSE,TRUE,TRUE
44570,FALSE,FALSE,FALSE
44607,FALSE,FALSE,FALSE
44608,FALSE,FALSE,FALSE
44646,FALSE,FALSE,FALSE
44733,FALSE,FALSE,FALSE
44748,FALSE,FALSE,FALSE
44753,FALSE,FALSE,FALSE
44778,FALSE,FALSE,FALSE
44795,FALSE,FALSE,FALSE
44847,FALSE,FALSE,FALSE
44916,FALSE,TRUE,FALSE
44927,FALSE,TRUE,FALSE
44945,FALSE,FALSE,FALSE
44960,FALSE,FALSE,FALSE
44986,FALSE,FALSE,FALSE
45029,FALSE,FALSE,FALSE
45051,FALSE,FALSE,FALSE
45075,FALSE,FALSE,FALSE
45113,FALSE,FALSE,FALSE
45131,FALSE,FALSE,FALSE
45137,FALSE,FALSE,FALSE
45152,FALSE,FALSE,FALSE
45155,FALSE,FALSE,FALSE
45166,FALSE,FALSE,FALSE
45229,FALSE,FALSE,FALSE
45237,FALSE,FALSE,FALSE
45286,FALSE,FALSE,FALSE
45296,FALSE,FALSE,FALSE
45310,FALSE,FALSE,FALSE
45327,FALSE,FALSE,FALSE
45354,FALSE,FALSE,FALSE
45362,FALSE,FALSE,FALSE
45366,FALSE,FALSE,FALSE
45407,FALSE,FALSE,FALSE
45421,FALSE,FALSE,FALSE
45444,FALSE,FALSE,FALSE
45474,FALSE,FALSE,FALSE
45503,FALSE,FALSE,FALSE
45588,FALSE,FALSE,FALSE
45644,FALSE,FALSE,FALSE
45649,FALSE,FALSE,FALSE
45664,FALSE,FALSE,FALSE
45669,FALSE,FALSE,FALSE
45679,FALSE,FALSE,FALSE
45707,FALSE,FALSE,FALSE
45713,FALSE,FALSE,FALSE
45771,FALSE,FALSE,FALSE
45832,FALSE,FALSE,FALSE
45834,FALSE,FALSE,FALSE
45874,FALSE,FALSE,FALSE
45908,FALSE,FALSE,TRUE
45947,FALSE,FALSE,FALSE
45980,FALSE,FALSE,FALSE
45986,FALSE,FALSE,FALSE
46031,FALSE,FALSE,FALSE
46049,FALSE,FALSE,FALSE
46050,FALSE,FALSE,FALSE
46058,FALSE,TRUE,FALSE
46080,FALSE,FALSE,FALSE
46109,FALSE,FALSE,FALSE
46144,FALSE,FALSE,FALSE
46182,FALSE,FALSE,FALSE
46231,FALSE,FALSE,FALSE
46297,FALSE,FALSE,FALSE
46300,FALSE,FALSE,FALSE
46376,FALSE,TRUE,TRUE
46384,FALSE,FALSE,FALSE
46420,FALSE,FALSE,FALSE
46490,FALSE,TRUE,FALSE
46523,FALSE,TRUE,TRUE
46577,FALSE,FALSE,FALSE
46588,FALSE,TRUE,FALSE
46598,FALSE,FALSE,FALSE
46648,FALSE,FALSE,FALSE
46678,FALSE,FALSE,FALSE
46681,FALSE,FALSE,FALSE
46701,FALSE,FALSE,FALSE
46817,FALSE,TRUE,FALSE
46858,FALSE,TRUE,FALSE
46900,FALSE,FALSE,FALSE
46905,FALSE,FALSE,FALSE
46906,FALSE,FALSE,FALSE
46950,FALSE,FALSE,FALSE
46965,FALSE,FALSE,FALSE
47018,FALSE,TRUE,FALSE
47020,FALSE,FALSE,TRUE
47071,FALSE,FALSE,FALSE
47129,FALSE,TRUE,TRUE
47167,FALSE,TRUE,FALSE
47187,FALSE,FALSE,TRUE
47205,FALSE,FALSE,FALSE
47240,FALSE,FALSE,FALSE
47266,FALSE,TRUE,FALSE
47300,FALSE,TRUE,TRUE
47475,FALSE,FALSE,FALSE
48310,FALSE,FALSE,FALSE
48727,FALSE,FALSE,FALSE
49174,FALSE,FALSE,FALSE
49352,FALSE,FALSE,FALSE
49365,FALSE,FALSE,FALSE
49387,FALSE,FALSE,FALSE
49395,FALSE,FALSE,FALSE
49422,FALSE,FALSE,FALSE
49423,FALSE,FALSE,FALSE
49430,FALSE,FALSE,FALSE
49455,FALSE,FALSE,FALSE
49514,FALSE,FALSE,FALSE
49519,FALSE,FALSE,FALSE
49575,FALSE,FALSE,FALSE
49591,FALSE,FALSE,FALSE
49592,FALSE,FALSE,FALSE
49605,FALSE,FALSE,FALSE
49612,FALSE,FALSE,FALSE
49646,FALSE,FALSE,TRUE
49653,FALSE,FALSE,FALSE
49662,FALSE,FALSE,FALSE
49710,FALSE,FALSE,FALSE
49753,FALSE,FALSE,FALSE
49775,FALSE,FALSE,FALSE
49788,FALSE,FALSE,FALSE
49796,FALSE,FALSE,FALSE
49808,FALSE,FALSE,TRUE
49810,FALSE,FALSE,FALSE
49823,FALSE,FALSE,FALSE
49839,FALSE,FALSE,FALSE
49861,TRUE,FALSE,FALSE
49922,TRUE,TRUE,TRUE
49925,FALSE,FALSE,FALSE
49926,FALSE,FALSE,FALSE
49936,FALSE,FALSE,TRUE
49950,FALSE,FALSE,FALSE
49979,FALSE,FALSE,FALSE
50040,FALSE,FALSE,TRUE
50150,FALSE,FALSE,FALSE
50158,FALSE,FALSE,FALSE
50161,FALSE,FALSE,TRUE
50167,FALSE,FALSE,FALSE
50212,TRUE,TRUE,TRUE
50278,FALSE,FALSE,FALSE
50288,FALSE,FALSE,FALSE
50297,FALSE,FALSE,FALSE
50396,FALSE,FALSE,FALSE
50432,FALSE,FALSE,FALSE
50452,FALSE,FALSE,FALSE
50480,FALSE,FALSE,FALSE
50488,FALSE,FALSE,FALSE
50495,FALSE,FALSE,FALSE
50498,FALSE,FALSE,FALSE
50629,FALSE,FALSE,FALSE
50635,FALSE,FALSE,FALSE
50682,FALSE,FALSE,FALSE
50733,FALSE,FALSE,FALSE
50735,FALSE,TRUE,TRUE
50736,FALSE,FALSE,FALSE
50775,FALSE,TRUE,FALSE
50786,FALSE,FALSE,FALSE
50788,FALSE,TRUE,TRUE
50801,FALSE,FALSE,FALSE
50875,FALSE,FALSE,FALSE
50913,FALSE,FALSE,FALSE
50930,FALSE,FALSE,FALSE
50939,FALSE,FALSE,FALSE
50944,FALSE,FALSE,FALSE
51009,FALSE,TRUE,FALSE
51021,FALSE,FALSE,FALSE
51050,FALSE,FALSE,FALSE
51079,FALSE,FALSE,FALSE
51093,FALSE,FALSE,TRUE
51103,FALSE,FALSE,FALSE
51109,FALSE,FALSE,FALSE
51113,FALSE,TRUE,TRUE
51172,FALSE,FALSE,FALSE
51174,FALSE,FALSE,FALSE
51230,FALSE,FALSE,FALSE
51268,FALSE,FALSE,FALSE
51286,FALSE,FALSE,FALSE
51348,FALSE,FALSE,FALSE
51405,FALSE,FALSE,FALSE
51436,FALSE,FALSE,FALSE
51447,FALSE,FALSE,FALSE
51451,FALSE,FALSE,FALSE
51458,FALSE,FALSE,FALSE
51482,FALSE,TRUE,FALSE
51505,FALSE,FALSE,FALSE
51514,TRUE,FALSE,FALSE
51515,FALSE,FALSE,FALSE
51523,FALSE,FALSE,FALSE
51529,FALSE,FALSE,FALSE
51533,FALSE,TRUE,FALSE
51548,FALSE,FALSE,FALSE
51572,FALSE,FALSE,FALSE
51580,FALSE,FALSE,FALSE
51600,FALSE,FALSE,FALSE
51629,TRUE,TRUE,TRUE
51681,FALSE,FALSE,FALSE
51683,FALSE,FALSE,TRUE
51686,FALSE,TRUE,FALSE
51707,FALSE,FALSE,FALSE
51730,FALSE,FALSE,FALSE
51737,FALSE,FALSE,FALSE
51748,FALSE,TRUE,FALSE
51766,FALSE,FALSE,FALSE
51783,FALSE,FALSE,FALSE
51794,FALSE,FALSE,FALSE
51800,FALSE,FALSE,FALSE
51808,FALSE,FALSE,TRUE
51813,FALSE,FALSE,FALSE
51832,FALSE,FALSE,FALSE
51837,FALSE,FALSE,FALSE
51851,FALSE,FALSE,FALSE
51857,FALSE,FALSE,TRUE
51892,FALSE,TRUE,TRUE
51941,FALSE,TRUE,FALSE
51945,FALSE,FALSE,FALSE
51959,FALSE,FALSE,FALSE
51962,FALSE,FALSE,FALSE
51980,FALSE,FALSE,FALSE
51995,FALSE,FALSE,FALSE
51998,FALSE,TRUE,TRUE
52046,FALSE,FALSE,FALSE
52061,FALSE,FALSE,FALSE
52106,FALSE,FALSE,FALSE
52108,FALSE,FALSE,FALSE
52121,TRUE,TRUE,TRUE
52186,FALSE,FALSE,FALSE
52195,FALSE,FALSE,FALSE
52226,FALSE,FALSE,FALSE
52234,FALSE,FALSE,FALSE
52278,FALSE,FALSE,FALSE
52283,TRUE,FALSE,FALSE
52304,FALSE,FALSE,FALSE
52339,TRUE,FALSE,FALSE
52374,FALSE,FALSE,TRUE
52479,FALSE,FALSE,FALSE
52562,FALSE,FALSE,FALSE
52571,FALSE,FALSE,FALSE
52572,FALSE,FALSE,FALSE
52591,FALSE,FALSE,FALSE
52596,FALSE,FALSE,FALSE
52601,FALSE,FALSE,FALSE
52743,FALSE,FALSE,FALSE
53294,FALSE,FALSE,FALSE
